x_gt,y_gt,z_gt,x_meas,y_meas,z_meas
0.0,0.1438276615812609,0.16829419696157932,0.024835707650561634,0.13691444652270165,0.20067862386661395
0.0523511641313085,0.18330443570126817,0.17675932083837023,0.12850265695170976,0.17159676696510137,0.1650524729909112
0.10412684301952634,0.2182525944824544,0.18398046435865856,0.18308748379489592,0.25662433094009984,0.16050674506191095
0.154757877608774,0.24780872855169367,0.1899068072282265,0.18188587978807222,0.22463784391107056,0.16662031954971365
0.20368769167516007,0.27124264083770316,0.19449664158080338,0.21578580525346178,0.17557862860481327,0.10825074995515173
0.25037841015115503,0.2879753864054026,0.19771766550581873,0.22226403368910638,0.23733383038868142,0.21343003213558243
0.29431677187212,0.297593575540852,0.19954721037979326,0.24891556809605947,0.22697839047408738,0.27282964882587096
0.3350197717474219,0.29985958672287066,0.19997240040147488,0.32373095672309515,0.30323599695726683,0.12873499109080205
0.37203997033294434,0.29471743716545823,0.19899024320795883,0.3448208341066852,0.30026356665095155,0.14144056433684368
0.4049704124379905,0.28229416589672707,0.1966076509340617,0.42375531335527405,0.2522622314007868,0.18202296344439786
0.4334491006973754,0.2628966952047859,0.19284139156674018,0.40336377008590557,0.3555106044302328,0.1921665303298435
0.4571629749316778,0.23700424798990888,0.18771797093690729,0.4042774284838828,0.27813149359506834,0.12667578843835617
0.4758513535513896,0.2052565083555837,0.18127344617915364,0.48629453330162736,0.10727300216159492,0.11486414373423211
0.4893087991743361,0.16843781793615697,0.17355317197218922,0.4991518609677923,0.2053611469359275,0.18212158603168774
0.49738737695524293,0.12745779839763383,0.16461148134589187,0.4916049628358309,0.11240261361816939,0.0906853818275205
0.49999828080211156,0.08332887884112873,0.15451130330134788,0.4640060703823761,0.06029694029313935,0.20736741461229366
0.49711280960275217,0.037141283304181566,0.14332371993496368,0.5142937240811752,-0.05101072446395513,0.15952791840470343
0.48876268273002205,-0.009963903695467199,0.13112746618347984,0.4695085687092062,-0.04381000371076514,0.16171128062552323
0.4750396913574878,-0.056822928146254406,0.11800837571053474,0.5265896674822853,-0.010258922190444476,0.07604749954940282
0.4560946894185241,-0.10227811758881969,0.10405877683446596,0.4406340706259634,-0.08571494601864149,0.15283603319058392
0.432135935301022,-0.14520648191465216,0.08937684274863408,0.4081772234087575,-0.15448943074784302,0.03406009404833267
0.403426802507104,-0.18454745732226666,0.07406590060722583,0.34361647130307044,-0.14392116620255674,0.14187790203576697
0.3702828844440799,-0.21932910800447158,0.05823370433899101,0.36668237836506323,-0.16915246310987037,0.07631550559137272
0.3330685251730603,-0.2486921382427189,0.041991676306634876,0.30081253744280406,-0.2306223579672982,0.11889350462993334
0.2921928142519744,-0.2719111216793625,0.02545412314884654,0.2904015122964768,-0.19367893888866217,-0.10553313205564069
0.2481050897008307,-0.2884124232894735,0.008737431323637473,0.2892002149195919,-0.2840600698775649,-0.006212936199655921
0.20128999852417384,-0.29778837128215313,-0.00804075198547945,0.20587803735094895,-0.3971668170121978,-0.019024346377355048
0.15226216908935983,-0.29980732880839006,-0.024762346835928286,0.17011779766494714,-0.22591262657131425,-0.050675857749610656
0.10156055392607363,-0.2944194166495675,-0.04130967153814006,0.061135873781414246,-0.3195072688287943,0.0044604343469636515
0.04974250513548581,-0.2817577455051257,-0.05756627086483386,0.06618006061847004,-0.3082457556934777,-0.03190289920916606
-0.00262235246317422,-0.262135127435179,-0.07341773562881665,0.0022315250042277994,-0.21370287790853457,-0.10852039032268426
-0.054958383097433505,-0.23603634770332152,-0.08875250786135054,-0.07134149042732192,-0.2556417553599294,-0.16192825526795646
-0.10669026788352493,-0.20410618794708424,-0.10346266592448056,-0.09188425403029613,-0.19105342433808978,-0.10320699309235751
-0.15724932918484424,-0.16713349656879808,-0.1174446840319296,-0.16897868585360162,-0.2379020336713188,-0.13847695017019757
-0.2060797819645878,-0.12603169989474206,-0.13060016083327697,-0.22321550779092625,-0.166145563355823,-0.13866444641657744
-0.252644843412775,-0.0818162355828163,-0.14283651193385732,-0.23244230057204807,0.01249305947771022,-0.1341076212922654
-0.2964326336858202,-0.035579465796162314,-0.15406762147662714,-0.283555114149682,-0.03930176158447067,-0.2500061822415792
-0.33696180289307986,0.011536310076379253,-0.16421444820035835,-0.3382874966655407,0.014547820573430575,-0.04105234257609404
-0.3737868224741002,0.05836707642056206,-0.1732055817088957,-0.3834048707131563,0.07344444353724269,-0.17494117019415786
-0.4065028827995811,0.10375585890576662,-0.18097774503662145,-0.46493678468055766,0.16089699963151766,-0.14338109340228275
-0.434750343157768,0.14658130803607675,-0.18747623997321575,-0.39519874580561565,0.1011119352963398,-0.11733652442641078
-0.45821868520851183,0.1857854025744092,-0.19265533201364873,-0.5283112383481259,0.21512825726442272,-0.0831325507231498
-0.47664992644551873,0.22039958841463114,-0.19647857222423898,-0.5261767427020532,0.19208470193449254,-0.19149600396985691
-0.4898414561433203,0.249568707129522,-0.19891905375957872,-0.5150152388491303,0.17203553557621537,-0.19549090501927735
-0.497648262614004,0.27257212302946077,-0.19995960122503548,-0.5507634483003092,0.29625174456121983,-0.24593081293672564
-0.4999845272899393,0.2888415267787176,-0.19959289155215157,-0.4224878070390623,0.24967886216190574,-0.21569596736243535
-0.4968245681090886,0.297974975723311,-0.19782150553625621,-0.4561487072406051,0.23643175990161325,-0.18644850880604974
-0.4882031218324681,0.2997468240580613,-0.19465790967358332,-0.42284598411834673,0.2193726623299999,-0.1854262167469681
-0.4742149621903019,0.2941132975037693,-0.19012436842572072,-0.4612208224778807,0.3332044410926348,-0.2519719039696248
-0.4550138580545077,0.2812135747697108,-0.18425278752884666,-0.5210366887087216,0.3073106530505557,-0.16940355386718736
-0.4308108830901045,0.2613663490834475,-0.17708448945049893,-0.41828624057281066,0.2786887595582963,-0.21108572552942348
-0.4018720954671834,0.2350619547368474,-0.16866992257414448,-0.3902594106091332,0.24971557840178146,-0.20438749347546287
-0.36851561313987713,0.20295025316539958,-0.15906830615822468,-0.2752268875826393,0.22664189921098896,-0.2186334810183571
-0.3311081168431667,0.16582457784047305,-0.1483472135683502,-0.2982804364114752,0.11709049432910698,-0.10899298338122759
-0.2900608192493378,0.12460213462289324,-0.1365820967157345,-0.23213104029896758,0.08356801870530772,-0.08841329025351842
-0.24582494459429838,0.0803013417955813,-0.12385575504873006,-0.22518589824747345,0.12140434979530579,-0.02901610591603268
-0.19888676846526,0.03401666959954561,-0.1102577528345498,-0.2111561742654035,-0.0036701386183288776,-0.15473347431582596
-0.14976227227635275,-0.013108399126638219,-0.09588378883217213,-0.19055278652462465,-0.016963484597343426,-0.07882619009133995
-0.09899147119438585,-0.05990961918475693,-0.0808350227924901,-0.0851569312278849,-0.018550456732955738,-0.08018492819859474
-0.04713247786665888,-0.10523074619796387,-0.06521736352559741,0.02554422599120696,-0.11846358785986168,0.07079109480388353
0.005244632792987373,-0.14795210212802903,-0.04914072354558609,0.03652800018123768,-0.19080997994884316,-0.1026853484486417
0.05756409031677887,-0.18701823740538867,-0.03271824553844801,0.08168771107893813,-0.1981913766716812,0.0029817791661565854
0.10925075800563656,-0.22146400626710105,-0.016065506096970772,0.13291263923431382,-0.2251054518999447,-0.05840519200039102
0.15973645528491576,-0.25043841110021803,0.0007002976734886424,0.08399409405062253,-0.27276415870356907,0.043520237389662264
0.20846620359294513,-0.27322562670575523,0.017461172953923184,0.21917089079945531,-0.3355125656413546,0.026120219246482286
0.2549043271426413,-0.2892626850697342,0.03409916161059638,0.2741701961290831,-0.33345555687979084,0.041785416907872776
0.2985403414918127,-0.2981533837313751,0.05049717034985664,0.3014507774141127,-0.3553018986229063,0.06838653836727081
0.33889456519035266,-0.2996780741361958,0.06653979478646016,0.3669337915087644,-0.24552551197743194,0.1192298973882053
0.37552339281667735,-0.2937990881485192,0.08211413162585257,0.3066399244188228,-0.34069034014427535,0.10786589498628556
0.40802417143803094,-0.28066166865905157,0.09711057324450446,0.4337134689836414,-0.25490928434374915,0.28974714777724053
0.43603962688876874,-0.26059038129646866,0.11142357907628031,0.4645841524234271,-0.2038120992874387,0.15912366725094043
0.45926179120947835,-0.23408109589322945,0.1249524183760469,0.4918313537747683,-0.24984455812524672,0.16290087940071027
0.4774353880734355,-0.20178873580696566,0.13760187913317098,0.4387941273465569,-0.2136296661439661,0.11333370174171581
0.4903606389851161,-0.16451109775576447,0.14928293814577848,0.4944543459544322,-0.04877816942208904,0.05591967851619106
0.4978954594028227,-0.12316914190530881,0.1599133875399873,0.5322084689215484,-0.2038049354647914,0.13631679425051563
0.4999570206439143,-0.07878423914978847,0.16941841332486113,0.5544045504922825,-0.07557023819501532,0.11553117442839582
0.4965226604029452,-0.03245293770235305,0.17773112191137544,0.4607574749399468,0.0015269497443807442,0.1412127903255186
0.4876301318735823,0.014680127602603493,0.1847930108899148,0.498453061352681,0.01695871959779418,0.15221299350962395
0.4733771887357548,0.06145051400793241,0.19055438075310735,0.5805743932020211,0.09314646512383297,0.08929725142022699
0.4539205105701853,0.10670273889551014,0.19497468466640783,0.46324322630865666,0.07361341565709074,0.23759635140621904
0.429473980512992,0.1493188264839129,0.19802281382485004,0.389847943591357,0.14358200441056795,0.2232721777738729
0.40030633408374044,0.18824592790347078,0.19967731638770952,0.4435940937922465,0.12823110755068196,0.1829522545956621
0.36673820503287835,0.22252233228281318,0.1999265484502789,0.34299093947483056,0.18985587065412757,0.28819926046433375
0.3291386006829256,0.2513012262317566,0.19876875599026067,0.3493876862309734,0.18825702851500434,0.24466185334299947
0.28792084550925084,0.27387161473224264,0.19621208721206262,0.3940286553598825,0.3254948777598,0.12024358891436195
0.2435380375517802,0.28967588657767196,0.19227453520212043,0.21932633390846762,0.3530214440370031,0.15689106192118138
0.19647806760435316,0.298323590398855,0.1869838112988225,0.21866903901166457,0.33705529307032184,0.14063728771991835
0.14725825593471215,0.2996010809339059,0.18037715006822283,0.14428198813162213,0.13753771393045228,0.12915776800150833
0.09641966549252781,0.2934767972268114,0.1725010472580644,0.08379125792286979,0.23108763812856895,0.25412161245464615
0.044521154119158274,0.2801020423544947,0.1634109325743178,-0.02698591477887337,0.25809981801964554,0.16994796143862237
-0.007866768858062572,0.25980724541888084,0.1531707795831367,0.0641968955952432,0.18801413785990886,0.2113289671908847
-0.060168214113846104,0.23309379815306872,0.14185265548362663,-0.05965656106286675,0.18401836560067117,0.16495782919679017
-0.11180824295415533,0.2006216678217778,0.12953621391999412,-0.10185525817548183,0.17061082396383806,0.13302631816949506
-0.1622191874953155,0.1631930924447255,0.11630813440251622,-0.1814848673384035,0.16886895970728788,0.14941466812856855
-0.210846890916648,0.12173276115949012,0.10226151228252121,-0.13154605010938036,0.059841986218147666,0.20891318101533457
-0.25715679918886625,0.07726496937655941,0.08749520357455819,-0.35476118916499133,0.06967571462478026,0.116911063898787
-0.30063983731312705,0.030888313118344193,0.07211312923670525,-0.2865902439263754,-0.0002466628726855054,0.06170701671884148
-0.3408180054745177,-0.01625145227055297,0.056223543805287504,-0.3654680522074593,-0.045719690117763556,0.09870364865633875
-0.37724963359262953,-0.06298971850451107,0.0399382735311415,-0.35939885929437715,-0.09763519826754379,0.08491826730280404
-0.40953423650707305,-0.10817179650812851,0.023371929379195307,-0.3941692604632426,-0.06752869056618051,0.05485337147537592
-0.437316916425897,-0.1506814435090785,0.006641100430049242,-0.4787666669720006,-0.178690495518927,0.04400578068621234
-0.46029226424173664,-0.18946844029842733,-0.010136466639844055,-0.4297737509700634,-0.19051351999663474,-0.004270097474404955
-0.4782077168293538,-0.2235745373502674,-0.02684269622481999,-0.41432447203993256,-0.2531531067920589,0.0005121728336818961
-0.4908663334184992,-0.2521571287905792,-0.043360014771550215,-0.5009759660401939,-0.26304118895194023,0.011578827827809307
-0.49812896052202743,-0.27451006933965344,-0.059572178227291744,-0.45685814307262596,-0.2338345875396215,0.005701762130424712
-0.49991576162066514,-0.29008111993654806,-0.07536509013150355,-0.49886556953902716,-0.2559834713717999,-0.09087842796117636
-0.4962070947889333,-0.29848559104385564,-0.09062760459333458,-0.4799987771645112,-0.30499274376223984,-0.08577780634369866
-0.48704372861466777,-0.2995158465690528,-0.10525230850386749,-0.4572858773428221,-0.3404268807307264,-0.0006329447195944776
-0.472526394038581,-0.2931464336039407,-0.11913627747813592,-0.5228272631135661,-0.3538558642433273,-0.06123073380313253
-0.45281467704039613,-0.27953471124974766,-0.13218180020681616,-0.41323154234224935,-0.2483287203971399,-0.10076452474360217
-0.42812526434402215,-0.25901696299249544,-0.14429706611981907,-0.42873760298636787,-0.303879681566787,-0.14050683821013277
-0.3987295614263593,-0.2321000886740812,-0.1553968115222052,-0.4325876470019649,-0.18334410200319362,-0.16274968059731212
-0.36495070901445914,-0.1994490813125139,-0.16540291965511156,-0.40622556885408473,-0.21551837339516358,-0.14475634694133033
-0.3271600308680531,-0.1618705981618849,-0.1742449704586323,-0.35534625850825186,-0.20298161794020647,-0.16206060988403667
-0.28577295189622554,-0.12029303189613319,-0.18186073616758575,-0.2735246233407894,-0.1456401906646897,-0.20541265144850188
-0.24124443147950037,-0.075743574266629,-0.18819661925231002,-0.22964193461161855,-0.1481477913414952,-0.25856980797113777
-0.1940639621978746,-0.029322838885832467,-0.1932080296223866,-0.22998617326049642,-0.039995196471424826,-0.17766265134248635
-0.14475018894271244,0.017822329907872667,-0.19685969843864387,-0.07098237809523483,0.06070531106797364,-0.20485662493681522
-0.09384520756346394,0.0645271903354123,-0.19912592632492235,-0.09479601795859838,0.014400722103521849,-0.20005158312454185
-0.041908605722976194,0.10963787862627553,-0.1999907642327618,-0.05634153766898309,0.12577380664318,-0.24135231141037794
0.010488688530991237,0.15203991572185863,-0.19944812568613468,0.03645601424304985,0.2286768613719875,-0.20488613310897758
0.0627706828566922,0.19068574096246324,-0.19750182961628315,0.08285626896163928,0.22519294054801886,-0.21756285321057497
0.11436265238003837,0.22462059252633487,-0.1941655734851987,0.1255672764705592,0.22525021256542463,-0.1892817685577571
0.16469745752323167,0.25300609523327217,-0.18946283688689458,0.12604696833045834,0.2542316039462193,-0.1645629223246221
0.2132217784498479,0.2751409729659406,-0.18342671630489615,0.28577895883960003,0.3231045142702009,-0.07576759342931833
0.2594021975924347,0.29047837399956034,-0.17609969218887844,0.22103481944803224,0.33409440583559424,-0.16693259190196086
0.3027310633986843,0.2986393812102062,-0.1675333299896973,0.4122212100595679,0.25822446694244866,-0.2095194220987361
0.3427320708372744,0.2994223733861881,-0.15778791725684035,0.3127624385650733,0.19322758717069777,-0.1840756683408784
0.37896549731804613,0.29280800636725823,-0.1469320393523025,0.34100886424036125,0.3003276956910686,-0.12984424056344454
0.4110330364691678,0.2789596909504545,-0.13504209676688558,0.5048415784299621,0.32648088285975696,-0.16388727955000573
0.4385821766345966,0.258219555755706,-0.12220176743590892,0.3936614430671787,0.28281551433103125,-0.18821342778694103
0.4613100759599417,0.2310999947903527,-0.10850141783839605,0.5528830142526594,0.29007200082641704,-0.1319602004436313
0.4789668914687344,0.19827100853365084,-0.09403746702424845,0.39331016501419047,0.2659646272419215,-0.09976445928687934
0.4913585255332728,0.16054365128524978,-0.07891170804519881,0.5532493411319459,0.08082226834553141,-0.10888045919288745
0.4983487595486752,0.11884999371804154,-0.06323059156510931,0.4986109445345843,0.12119902340627865,-0.0857338651390715
0.49986075135510866,0.07422009566919294,-0.04710447669136248,0.5310032479724835,0.020839074200063215,-0.05422345094242716
0.49587787994735366,0.027756558066503765,-0.030646854299768985,0.5018926615329486,0.05347849976944122,0.0049338896046754975
0.48644392818598886,-0.01939271730424195,-0.013973548319006397,0.4302118235940954,-0.09609842584102307,0.04991029277591906
0.47166260150169154,-0.06606288720921301,0.0027980994042851744,0.48827830210067114,-0.1034872140370407,0.08035569818041133
0.45169638788343475,-0.11110094492225847,0.019550054923070073,0.45748011959807766,-0.052136085719067145,0.02292597899357552
0.4267647716824913,-0.15339420575459475,0.0361644228782823,0.5298021679265906,-0.06562716363243452,0.02371621545432863
0.39714182086751304,-0.1918977964111452,0.05252427621185275,0.4457203684152308,-0.15962899893188784,0.12095585408847019
0.36315317425348537,-0.22566046903705006,0.06851447906511382,0.3149070012244801,-0.1913578960371281,0.12143570340759322
0.3251724618233047,-0.2538481022072148,0.08402249707126856,0.237235487502149,-0.3130110278405036,-0.017939111816736478
0.28361719749262765,-0.27576430825676335,0.09893918933932275,0.27014685577039976,-0.23988719546696524,0.17405704194412416
0.23894418946795307,-0.29086763783939357,0.11315957655572509,0.24264892848894182,-0.20943686056082897,0.04415450364498051
0.19164451865090884,-0.2987849566675821,0.12658357979804377,0.1064753966831511,-0.301562341612413,0.14578685224500915
0.14223814029005108,-0.29932066395649004,0.1391167248611294,0.14060340288534642,-0.4026927689584839,0.13466072288548997
0.09126816822311509,-0.29246152482592275,0.1506708071389121,0.026044693197872434,-0.25897789738442084,0.1690007194437545
0.03929490454179252,-0.27837699727376747,0.1611645123826002,-0.007699084774575246,-0.30407034314060216,0.10820383628815264
-0.013110319690316227,-0.25741504564288764,0.17052398896655843,-0.01624427455397482,-0.20965792961782573,0.12123768664978124
-0.06537142495889908,-0.230093544011584,0.17868336763443082,-0.04016909918300686,-0.256606424930206,0.13903972602131362
-0.1169139160188427,-0.19708748189057754,0.18558522506768513,-0.12226543401657058,-0.24884959801154624,0.15790275980032603
-0.1671711971985988,-0.15921228831530707,0.19118098801411745,-0.22706509182804122,-0.06097603166948759,0.1929441656127039
-0.21559080086623142,-0.11740368631903945,0.19543127513218442,-0.2505770762658607,-0.10670469078232836,0.18981487264764293
-0.2616404605889039,-0.07269457549075972,0.19830617414535479,-0.27268894056556503,-0.041986240488588455,0.23618155964772003
-0.3048139622248776,-0.02618951374423244,0.19978545235595604,-0.33133901960540396,-0.054980425776466446,0.18603286749837383
-0.34463670862819934,0.02096257126283219,0.19985869903697787,-0.4597327668649786,-0.054796981847095416,0.26820241240920406
-0.38067093679445957,0.06759676688332082,0.19852539869972102,-0.29842255111939536,0.05514496490550191,0.22735324685250935
-0.4125205300966463,0.1125609551513348,0.195794934721656,-0.3969580223694695,0.2665049955740967,0.2517736802933848
-0.4398353727112056,0.15474427635467172,0.19168652330895944,-0.4462312522852439,0.10696725432465043,0.1113642072960808
-0.46231519836702645,0.1931045733043207,0.18622907825847992,-0.4521420165736653,0.15528703604010555,0.11511639277859621
-0.47971289110887,0.22669413827840745,0.1794610074709001,-0.5120415353209964,0.17261673809768768,0.2638180892245283
-0.4918372017906496,0.25468312655122183,0.1714299426471749,-0.4477552139431771,0.254284494485391,0.24542714959167622
-0.49855485043672787,0.27638005806596405,0.16219240407056365,-0.49468643505434695,0.23331584799955085,0.23834860793404652
-0.4997919913604188,0.29124890074852144,0.15181340283342193,-0.4728464891761859,0.2393865930321986,0.14229646892924153
-0.49553502493395796,0.298922313411622,0.14036598330816444,-0.5393159376031958,0.2297823268634052,0.1866748606847465
-0.4858307470863266,0.29921072107769175,0.12793070908235535,-0.3903599150628201,0.22928234238673467,0.1560791709168839
-0.47078583488552955,0.29210699851064265,0.11459509597576145,-0.5033179633416209,0.26775072932240784,0.08497539976381799
-0.4505656738602139,0.2777866462479101,0.10045299612963243,-0.4937652123442047,0.2802127276451515,0.058905490309080544
-0.4253925399516328,0.25660345478379526,0.08560393750280432,-0.41186969866264084,0.2540915493113384,0.07365653515948382
-0.39554315608137025,0.2290807640223356,0.07015242342306038,-0.44092133918345017,0.20024219749391897,0.10792198471434819
-0.3613456501949594,0.1958985339387004,0.054207197123301756,-0.33629979081374034,0.14702077169877287,0.05917381239476305
-0.32317594822097717,0.15787654587401442,0.03788047643850839,-0.2856065920523877,0.07440628181794583,0.06504848605750514
-0.28145364159704844,0.11595414948287461,0.021287164049464496,-0.31458482954434075,0.14448408291253256,-0.01687579377766135
-0.23663737479017202,0.07116705569399225,0.004544038831328568,-0.326881479823398,-0.010210066200165888,0.006948286164397668
-0.1892198035153781,0.024621749023890912,-0.012231066001905148,-0.17623367842930399,-0.02059408223132952,0.019698556936963547
-0.13972217907594997,-0.022531848601480674,-0.028920092173072887,-0.22279818218939795,-0.0258358385338465,-0.08947090216119571
-0.08868861835840976,-0.069128787165122,-0.045405587201436316,-0.12128042374851772,-0.0667588535993013,-0.08842625546563393
-0.03668012247099559,-0.11401786915283246,-0.06157153099885988,-0.05590789968248686,-0.06370322869211043,-0.09041612447501732
0.015731590222520127,-0.15609009038553515,-0.07730415238522671,0.05751619582577722,-0.21257543311841606,-0.05081394348946257
0.0679703688815471,-0.19430603844703262,-0.09249272977670152,0.14004879991444213,-0.3178882634533971,-0.13233749255022537
0.1194619636926534,-0.227721571817143,-0.10703037041182424,0.1483155700516804,-0.23787384111929263,-0.0884730767432588
0.1696403384759621,-0.25551114529617797,-0.12081476263147442,0.13944107914017106,-0.25118165592253294,-0.1285986244010784
0.2179538930008148,-0.27698820545603864,-0.1337488959183778,0.2763429960838052,-0.264267163290978,-0.1168687628146177
0.2638715266101073,-0.29162215223949967,-0.14574174362872863,0.24327767830398395,-0.3160024634431243,-0.16736965301970969
0.30688847649716283,-0.2990514476640375,-0.15670890361106227,0.32661108361607766,-0.3201006717050507,-0.1422201607662416
0.3465318664561947,-0.2990925477740053,-0.16657319220388944,0.4503019063884666,-0.25553631260242066,-0.1828743688122815
0.38236590511014273,-0.29174443717341597,-0.17526518743171182,0.44242660121834,-0.31214820582449354,-0.27717141419060454
0.41399667647284405,-0.2771886541117391,-0.1827237175765632,0.36359236092697383,-0.3707282501630319,-0.20029939177862863
0.44107647018390966,-0.25578480550295607,-0.18889629168665345,0.44199738914338726,-0.17196293988919192,-0.17254992299844532
0.4633076038149686,-0.22806168268126858,-0.1937394689923214,0.4523525773745254,-0.18659140362209412,-0.30429623444271564
0.4804456952294601,-0.19470419738255465,-0.197219164629455,0.4922264231348884,-0.1561609376882063,-0.27114847691844707
0.49230234902362546,-0.1565364607037999,-0.19931088951878723,0.5494900511839719,-0.1396116403290792,-0.2200752852138273
0.49874722751721917,-0.11450142308213107,-0.19999992271286696,0.5303863208225335,-0.0009667801919112651,-0.1909066099599422
0.49970948352798483,-0.0696375782965613,-0.19928141499777818,0.5121205128430016,-0.0926056232735735,-0.24177363347101777
0.4951785391797002,-0.023053307030171902,-0.19716042302048764,0.5366953300069125,-0.06585749832561527,-0.193582111159518
0.4852042021825274,0.02410050615389114,-0.19365187370164394,0.4613213298442716,0.048049497441210745,-0.17696876843729653
0.46989611830741984,0.07065890591315452,-0.1887804591842795,0.5217731155203148,0.045158085970417164,-0.20227420594894804
0.4494225660734183,0.1154716468512428,-0.1825804630577363,0.40048438028430294,0.09325698384743722,-0.16371543840549369
0.4240086068975876,0.15743161082772025,-0.17509551907979992,0.46185803772985523,0.11132334461883897,-0.1316152230745169
0.39393361104259256,0.1955021587904379,-0.1663783040950855,0.4617155039828401,0.21617390395162295,-0.0725385134671822
0.35952818655866003,0.2287427413915222,-0.15649016731082555,0.3208387266034814,0.16651000622595136,-0.24542617975603948
0.3211705449794076,0.2563321356656745,-0.1455006985391086,0.39597276055386676,0.28905041848337737,-0.14827993208463136
0.27928234372267724,0.27758873369860493,-0.13348723844415292,0.29328077503866823,0.2213142813336861,-0.011199639463311595
0.23432405089997976,0.2919873820452554,-0.12053433424135213,0.24078510999874114,0.29745712177550004,-0.08424600304641751
0.18678988348820746,0.2991723558727176,-0.10673314467872252,0.21084034507504312,0.3103665570866742,-0.14625686745098812
0.1372023745072509,0.29896614729603765,-0.09218079848832228,0.16077579236405068,0.39306737211978937,-0.024909796180573388
0.0861066289253302,0.2913738507872601,-0.07697971082266453,0.16576596025730006,0.26581306696570084,-0.12645995183559358
0.03406433143570944,0.2765830373142948,-0.061236862486856794,0.02777498543072703,0.27936928292872953,-0.006527286563309365
-0.018352428023999126,0.25495912031905227,-0.04506304703901112,-0.1029756595097401,0.331436636292083,-0.052963441967960594
-0.07056744313517317,0.22703632802037382,-0.02857209105761506,-0.09191149663254418,0.17643110925736544,-0.11131492465090355
-0.12200672531202181,0.19350450507489472,-0.011880053063393332,-0.08084819611392607,0.1971704034343149,-0.07637809805044603
-0.17210481343636216,0.15519206966654378,0.004895593266586734,-0.23685875203954299,0.13840283470203738,0.08834666953105638
-0.22031098985174488,0.11304554707712575,0.021636785844265788,-0.23329055741992513,0.03788839942122044,0.009349632639968583
-0.2660953342858489,0.06810618536998148,0.03822570505700737,-0.27973151277323244,-0.06673814677709711,0.03551096173111676
-0.3089545491516269,0.02148423090639481,0.05454560294754177,-0.3205012756620608,0.056294549147065734,0.14699340769480904
-0.348417492190927,-0.02566850077081268,0.07048162485191316,-0.29208924071353914,-0.03911293529855421,0.015155329414829652
-0.38405035564140244,-0.07218708103825795,0.08592161771298257,-0.2553823654789094,-0.06922615933753354,0.08661808230862988
-0.4154614349932285,-0.11692224825733075,0.10075691938081353,-0.41666768934872866,-0.10701801021893798,0.0935388987846164
-0.44230543491369423,-0.15876880077986377,0.11488312334507174,-0.47098853525770606,-0.1861117478418834,0.11324545983427182
-0.4642872650055545,-0.19669290143271048,0.12820081351748522,-0.49145850356224274,-0.2323351905665687,0.13352232490208005
-0.4811652836731751,-0.22975761891210933,0.14061626389316828,-0.4939141445442179,-0.1545579694829749,0.00806777347351767
-0.4927539544373394,-0.25714607507663034,0.15204209816680805,-0.4381786118412163,-0.1948418154517489,0.04837258654640057
-0.4989258854984096,-0.27818162627486204,0.16239790466152296,-0.5160602652024271,-0.2967536695746516,0.0920223199256319
-0.49961323012735964,-0.2923445801193683,0.17161080224270536,-0.5385040645069035,-0.34787337239265975,0.2592243244138865
-0.4948084324904759,-0.2992850347118256,0.17961595323411222,-0.44802451283310285,-0.23570727996211766,0.21569955643627398
-0.48456431070903544,-0.29883152312070166,0.18635701972645016,-0.5410168992698969,-0.3250575364346903,0.21082574778784607
-0.4689934762409009,-0.29099524954593925,0.19178656006708913,-0.5300998666854981,-0.25534532803731985,0.1797702901591824
-0.448267095966651,-0.27596981251434965,0.19586636274052566,-0.46700813634413085,-0.24042181410417507,0.21807952831482766
-0.42261301058836837,-0.2541264219443054,0.1985677152898432,-0.44066131887932236,-0.196159931776093,0.14451454890984833
-0.3923132300251286,-0.2260047282442026,0.19987160638657894,-0.3615164496779154,-0.1963496653457834,0.18439428442087943
-0.3577008333377773,-0.19229949001580202,0.19976885962688792,-0.3413941822256714,-0.2548551688350672,0.24597021058723298
-0.3191563072614635,-0.15384340974257207,0.19826019811238726,-0.32840141408361295,-0.17997956076852406,0.25071065940423176
-0.2771033635956651,-0.11158656151481108,0.19535623936117882,-0.3123205481228031,-0.18200962633298906,0.11752478068498363
-0.2320042814302509,-0.06657291903846219,0.19107742058486474,-0.20170378386296892,-0.13059438666327633,0.278817129684083
-0.18435482540949938,-0.019914563813321032,0.18545385485743435,-0.2884512958036855,0.06490825460118088,0.19600472821756526
-0.13467879589652115,0.027235789321229838,0.17852511918826552,-0.13951445149004077,-1.0165019217640847e-05,0.19848192490586908
-0.08352227094697033,0.07371327050473844,0.1703399759907177,-0.08540400606821275,0.12887836460556454,0.1760513584238197
-0.031447603388807394,0.11836963346923093,0.1609560299065411,-0.023932515315713512,0.10018902285853815,0.15810874872048772
0.020972761003059684,0.16010162345972181,0.15043932240127053,0.036362849447662646,0.07459320382689054,0.08303005129598488
0.07316257628175045,0.1978782336199517,0.13886386698372552,0.1103257809828862,0.20642150552634878,0.12966470016609155
0.12454813087788914,0.2307661764625492,0.12631112832059882,0.1254698275311588,0.24814526173063275,0.09932314430513074
0.17456455428918982,0.25795294113991807,0.11286944891198128,0.13564931801907418,0.26774520389480216,0.06395081003122968
0.22266202658207507,0.2787668668760417,0.09863342736270701,0.24307466436779868,0.19363768666414966,0.1500912092289892
0.26831182244558344,0.29269373663634896,0.08370325262506463,0.2919416965662356,0.3054952233520427,0.13283780182234034
0.31101212335656514,0.29938948108189134,0.06818399889827989,0.394285845579694,0.3501079843327979,-0.023859712668302377
0.35029353396426605,0.29868867895112106,0.052184886147060364,0.28631468562748097,0.26744775006633714,0.053489438657602056
0.3857242420538552,0.29060864386368257,0.03581851144345626,0.41160719307731136,0.2543214532060093,0.04515684966731018
0.41691476536651095,0.27534899657995365,0.019200056541628464,0.37914561874884484,0.24477310643035624,-0.051132998300782655
0.44352223309527955,0.253286733283847,0.0024464772623796188,0.3973605707897343,0.18570250300303032,-0.04634718538648702
0.46525415499112655,0.22496691172909533,-0.01432431960767276,0.5179362448215186,0.17749696728749817,0.11729478363419678
0.48187163664620963,0.19108918535176667,-0.030994306109549397,0.5065375316902541,0.20033099153651035,-0.07391219511861007
0.4931920056094282,0.1524905180296328,-0.04744616375813085,0.5282074995798778,0.12370862671774409,-0.04134567302586278
0.49909081946593303,0.1101245065276804,-0.06356410919531333,0.6270950463793727,0.10532151154144791,-0.006100442881029539
0.4995032338061969,0.06503782147774174,-0.07923470903938921,0.4643444125499025,0.06328839695289366,0.009305322742386282
0.49442471504685437,0.018344348927974236,-0.0943476781959817,0.463076362157466,0.10896677682782067,-0.05896008142320792
0.48391109026742246,-0.028802328693551118,-0.10879665601225469,0.45578775147270906,0.002818058259224928,-0.060168933530918206
0.4680779335150566,-0.07523743233152287,-0.12247995481205208,0.49916843162591645,-0.1537486683260457,-0.15883681360329552
0.44709929532356485,-0.11981376267354618,-0.13530127554399501,0.4347233635459896,-0.12353543412854849,-0.10426767066646112
0.4212057894128076,-0.16143004220518326,-0.14717038550601547,0.4300908394594703,-0.2281972601406883,-0.1281604929557173
0.3906820576009905,-0.19905812274708806,-0.15800375337669914,0.42121134486518164,-0.17106860035053606,-0.10396471709896804
0.35586364079753247,-0.23176838630032925,-0.1677251370842731,0.39755974852497766,-0.20880938233890742,-0.17123342265720545
0.3171332904730186,-0.2587527116609779,-0.17626612037598852,0.234085243797219,-0.2372718007043486,-0.16588173601783296
0.27491676115347463,-0.2793444394038626,-0.18356659431167832,0.2884957030132433,-0.3431818681948781,-0.23761942133209144
0.22967813019116165,-0.29303484199190777,-0.18957518029288442,0.2823357728578068,-0.29501259968474053,-0.1555001454242532
0.18191469626068277,-0.29948569210989623,-0.19424959165039168,0.18333061506720574,-0.29799788513510905,-0.1473354013515918
0.13215151266013433,-0.2985376187165267,-0.19755693124542764,0.10634927624926564,-0.2937315798694775,-0.2206706956806798
0.0809356155115689,-0.290214044374898,-0.19947392299009492,0.059210804139953124,-0.30567265054833,-0.18836723440840927
0.028830010308937257,-0.2747206065879612,-0.19998707565766427,0.004892579225763402,-0.21193280030928519,-0.24471744076863947
-0.02359251708188737,-0.2524400774350952,-0.19909277782987886,-0.03293609928995532,-0.274426630348804,-0.12674388361219222
-0.07575569693663933,-0.22392290702239295,-0.19679732331305874,-0.0659279581110606,-0.1723306800489612,-0.27107534196490735
-0.12708611048350685,-0.18987362437478617,-0.1931168668441345,-0.1137335971900439,-0.1453920845936143,-0.1890026673803633
-0.1770194933740626,-0.15113343174187913,-0.1880773103983377,-0.12374547462079502,-0.17699785424689773,-0.1176099383890587
-0.22500693852156,-0.10865942233265409,-0.18171412089868166,-0.11006203234059748,-0.12680135035463705,-0.20398924696872026
-0.270520930120109,-0.0635009349139313,-0.1740720806101396,-0.197851706264224,0.01547767237260432,-0.20021508196780302
-0.3130611425140391,-0.016773629442442005,-0.1652049719751732,-0.334070483368832,-0.030862859885467372,-0.23242749752688707
-0.352159940171709,0.030368075796793837,-0.15517519910864594,-0.3980925374959189,-0.019838962540809562,-0.19356507736385237
-0.38738751830371077,0.07675952459330855,-0.14405334861593236,-0.3891217626730498,0.08847026122013456,-0.06652832397522851
-0.41835662761576187,0.12125459614644468,-0.1319176928250501,-0.46827432965270144,0.17047071607027386,-0.14261713503632553
-0.44472683125805246,0.16275402047527573,-0.11885363892892974,-0.4472000167406741,0.1964949950836059,-0.17498974000704468
-0.4662082471753264,0.20023253635877067,-0.10495312791459246,-0.44708775986612387,0.20855514676942347,-0.08033056471418502
-0.4825647347188279,0.2327642208575443,-0.09031398750939751,-0.468106302523437,0.35552922785308905,-0.1222009867219633
-0.49361649049036566,0.2595453646404249,-0.0750392436981347,-0.5201663382404565,0.22838833831918665,-0.10281309965614743
-0.499242024882931,0.2799143279709663,-0.05923639565630259,-0.5311113812482569,0.3393651545263439,0.011788816743190156
-0.49937949759017847,0.29336788680321835,-0.04301665920238026,-0.5279168122776523,0.2517501081480069,-0.01944588138306005
-0.49402739740379664,0.29957366514935174,-0.026494184093454054,-0.5216385496178452,0.3312202560371273,-0.01634803305088907
-0.4832445588259005,0.2983783465721509,-0.009785250672640126,-0.5590317645757621,0.375753606638654,0.08000863298213595
-0.4671495153138291,0.28981146193388224,0.006992548477927025,-0.4977889498380484,0.270426383937083,0.021285818014172283
-0.44591919626699106,0.27408465982357316,0.02372113611926696,-0.4291963567676398,0.3070118734572147,0.12423136305758445
-0.4197869820795037,0.251586477687112,0.04028278134859667,-0.4286343434542062,0.2116716154601893,-0.028683180052129692
-0.3890401386390299,0.22287274284165573,0.056560928154954865,-0.4255866406361259,0.22121639419796588,0.14628882133084425
-0.3540166594737979,0.1886528405214393,0.07244101570629556,-0.3798972244256065,0.19984223810338422,0.07161987090265795
-0.31510155026143893,0.1497721882088432,0.0878112845950825,-0.25568188658903473,0.2761188095025243,0.061267845949066466
-0.27272259654324216,0.1071913492299714,0.10256356336828493,-0.2971945686691533,0.159399393083425,0.13665813784960051
-0.22734566116843236,0.06196230162235026,0.11659402980639794,-0.1350102948816307,0.09115871088864846,0.09862942526704496
-0.17946956316268356,0.015202448562685643,0.12980394159383338,-0.1499368216280681,0.07063762759183104,0.1708280506537016
-0.12962059431637438,-0.03193298756176197,0.14210033123842808,-0.10425689276100948,0.021400746917695723,0.2005651107607117
-0.07834673377056808,-0.07827950542171852,0.1533966603494413,-0.009238784218691717,-0.045844011042236385,0.14504075633359859
-0.02621162419854672,-0.12269209425474484,0.1636134286694154,-0.018875939876880576,-0.062366645929326996,0.12276664512005359
0.02621162419854195,-0.1640735218511715,0.1726787335737153,0.04464528964218701,-0.18374046246753953,0.17411597472045617
0.07834673377056336,-0.20140144215026143,0.1805287761001524,0.1422693269009283,-0.19184648874926627,0.18285060350795984
0.12962059431636977,-0.23375365274165483,0.18710830994740418,0.06162778726737381,-0.1964409744402938,0.21938251900445796
0.1794695631626791,-0.2603308782746603,0.1923710302823105,0.2876322993279521,-0.2757197900223103,0.20332854666550745
0.22734566116843127,-0.2804765169013633,0.19627989961973452,0.23981484535396905,-0.2016038529131896,0.19151512300038692
0.2727225965432411,-0.29369286190917837,0.1988074084815398,0.28667367283175804,-0.2632980364233514,0.2081378646393577
0.315101550261438,-0.2996533977803734,0.19993576900024668,0.29277986953391155,-0.28994889813545804,0.2536173564932353
0.35401665947379707,-0.29821086689911114,0.19965704010483443,0.30269089450324405,-0.29156238319176736,0.16465099935787575
0.3890401386390303,-0.28940090761451615,0.1979731834076754,0.44879247008527245,-0.36556025285370486,0.17002709104409597
0.419786982079504,-0.27344117377985094,0.1948960493992812,0.43864757583273006,-0.1951649723181339,0.19160853634563182
0.44591919626698967,-0.25072595751996724,0.19044729404801952,0.41815921993232974,-0.15666810404793774,0.11804659902720732
0.467149515313828,-0.22181644807387746,0.1846582263917482,0.35720921748282386,-0.19981572557121083,0.15955551517411765
0.48324455882589973,-0.18742686737197273,0.177569588193972,0.43218291796936403,-0.15200904500700507,0.18975962388253195
0.4940273974037962,-0.14840682487441825,0.1692312672152377,0.4658234658669598,-0.21242204480796298,0.21285413362924493
0.49937949759017836,-0.10572032760209972,0.1597019461176791,0.5318895564881114,-0.11067912079106887,0.25203379592006236
0.4992420248829312,-0.0604219639263738,0.1490486894736194,0.44573778656662355,-0.13669822247261074,0.11445328597955717
0.49361649049036616,-0.013630849507370847,0.13734647178474338,0.49133718967259127,-0.0014638770412362546,0.12528466889192688
0.48256473471882866,0.03349702094224574,0.12467764983350152,0.5001675045445435,-0.029079950267276472,0.1968658800371645
0.46620824717532744,0.07979733300646759,0.11113138308018598,0.462100688255699,0.13566212458587398,0.12826765039907118
0.44472683125805385,0.12412621745701914,0.096803006184746,0.46756449221574303,0.15261458146862933,0.11918843418561173
0.41835662761576353,0.16538851003719107,0.08179335806936089,0.45049276560914076,0.23184613654381264,0.0916194165544344
0.38738751830371265,0.20256480796833135,0.06620807224362439,0.42283770618313826,0.19807802325397,0.13821393301609802
0.3521599401717111,0.23473665473624158,0.05015683338682656,0.3183403250687476,0.3247836763817824,0.048148935854609394
0.3130611425140428,0.26110923095646715,0.03375260541928962,0.24152238740814042,0.2675144517020066,-0.0002999774544544184
0.2705209301201131,0.2810309907308535,0.017110836495365024,0.3125531075695493,0.24839979176573396,-0.005198335165373963
0.22500693852156425,0.29400975837065757,0.00034864651311882866,0.1305299019742877,0.27139444240820376,-0.12084531981832901
0.17701949337406706,0.29972488780974604,-0.01641599714122582,0.09782435219978089,0.3377456206169609,0.022874010791315794
0.12708611048351146,0.2980351843042913,-0.033065109813219834,0.1483589885727597,0.24968637714783068,-0.035450677620318824
0.07575569693664407,0.28898239270996795,-0.049481519921647996,0.07557556998211565,0.23106415825034082,0.025688395166709538
0.023592517081892143,0.27279016615724433,-0.06554969357781738,0.06746063161067571,0.2617419574657611,-0.06420540162809084
-0.028830010308932487,0.2498585406040914,-0.08115654767924525,-0.018410869911554863,0.14777179718287686,-0.0935154168052751
-0.0809356155115677,0.22075405177468252,-0.09619224575543156,-0.11503482791145762,0.17067305127993673,-0.1102472603997293
-0.13215151266013314,0.18619573864937394,-0.11055097096478295,-0.04226718631765701,0.21823788171272443,-0.1391099204539228
-0.18191469626068163,0.14703737929580854,-0.12413167080257144,-0.1532855571928737,0.21700515112510865,-0.077899986656933
-0.22967813019116054,0.10424639791260192,-0.1368387682788785,-0.22669661169515185,0.07189955902732323,-0.101927602598199
-0.27491676115347363,0.05887996419624577,-0.1485828345614722,-0.2552424918823861,0.1036396251976324,-0.11682424447737372
-0.31713329047301764,0.012058875506655476,-0.15928121834974943,-0.2646556547070509,-0.014702885071372922,-0.09341151506803314
-0.35586364079753036,-0.035060132916186586,-0.16885862755039474,-0.34598366056291036,0.0687029107150767,-0.20331801845487313
-0.3906820576009886,-0.08131296559648568,-0.1772476591610924,-0.30388386744272616,-0.07141742642335329,-0.20981855934181481
-0.42120578941280595,-0.1255569263046643,-0.18438927363312557,-0.44540008111552204,-0.14157429171438032,-0.16318097631302975
-0.4470992953235635,-0.16669894886179445,-0.19023321037443736,-0.4209575209217885,-0.19538394905872342,-0.1914509399874865
-0.46807793351505556,-0.20372260181213847,-0.19473834146896446,-0.36096441558446235,-0.11734544330710289,-0.17292215798526286
-0.48391109026742174,-0.23571319980174915,-0.19787296112287112,-0.4820109163590117,-0.2297116334658361,-0.16719706248635027
-0.4944247150468539,-0.26188040127560575,-0.19961500880064448,-0.5455643433067742,-0.274749228146773,-0.283044212494524
-0.4995032338061967,-0.28157773420746085,-0.19995222448068595,-0.47954207767593277,-0.2492179372223238,-0.22411154759565466
-0.4990908194659332,-0.2943185674707491,-0.19888223493775403,-0.42039148130143156,-0.35560685062086617,-0.27210097894824503
-0.4931920056094287,-0.29978813327098497,-0.196412570445029,-0.4819694146814301,-0.24743321814037725,-0.11221618587213555
-0.4818716366462104,-0.2978513036202126,-0.1925606117782546,-0.5048158497896574,-0.24391726194864782,-0.19448603525328995
-0.46525415499112766,-0.2885559287323757,-0.18735346789492624,-0.47388551998816864,-0.24437293185804204,-0.15473732397425527
-0.44352223309528094,-0.272131654863094,-0.18082778514938394,-0.5223418409444934,-0.1983046373767992,-0.11182321744201136
-0.41691476536651356,-0.24898425079962358,-0.1730294893864981,-0.44819290044199,-0.2291940741277531,-0.14832798007236114
-0.38572424205385825,-0.21968558316753228,-0.16401346272901743,-0.3726905537626629,-0.2472008408598033,-0.19759463112592002
-0.35029353396426943,-0.1849594882184505,-0.15384315733325493,-0.3515712375138417,-0.12632303725548227,-0.1266631496035333
-0.31101212335656886,-0.14566388914252196,-0.14259014883138627,-0.32954283996087413,-0.10707895361010472,-0.28501727986289005
-0.2683118224455875,-0.10276960070504323,-0.1303336326031034,-0.2108735374269823,-0.18975528964394822,-0.14845567967326
-0.22266202658207934,-0.057336344847942394,-0.11715986642171541,-0.27864552131338655,-0.12207041863398767,-0.05911852705278945
-0.17456455428919432,-0.010486569801021703,-0.10316156339719057,-0.1979496143547889,0.006838624285514088,-0.10550759234114977
-0.12454813087789378,0.0366222804868839,-0.0884372394884287,-0.1006960895167377,0.04046337503989667,-0.15258685069785718
-0.07316257628175166,0.08282636150109106,-0.07309052017678092,-0.02334923530939465,0.058138532343025434,-0.15091961510976848
-0.020972761003060905,0.1269841814430096,-0.057229411180249115,-0.042378519051356534,0.20202217097472513,-0.01471832407457447
0.031447603388804396,0.16800480227858683,-0.04096553834085587,0.014014996668411436,0.1505419170626654,-0.057047290901725
0.08352227094696738,0.20487479183411142,-0.02441336203464754,0.18735967012500943,0.22397156444568908,-0.0029112796750940563
0.13467879589651827,0.23668326107623758,-0.007689371633073582,0.18619296859811038,0.24862271902756325,-0.02064147892410874
0.1843548254094966,0.26264436801940344,0.009088734315109308,0.1745373329552477,0.25906430504870026,0.007227622489617228
0.23200428143024823,0.28211673229184525,0.025802876411768885,0.26838575861209724,0.28471402658221023,0.06243488027254785
0.2771033635956626,0.29461928071500293,0.04233542541763549,0.27306753459023353,0.2985510402308075,-0.05757460880896989
0.3191563072614612,0.29984313242438965,0.05857003009245391,0.3649726909965853,0.31716755621928927,0.10847053558543651
0.3577008333377752,0.29765922990490357,0.07439243604095223,0.21288806442809072,0.40207796514393995,0.06741295463319355
0.3923132300251267,0.2881215274125365,0.08969128980182961,0.4477223708620025,0.23612623105625996,0.1203299850549581
0.42261301058836676,0.27146565801115097,0.10435892252081985,0.36994223242968394,0.2402772099763607,0.20006049021415917
0.4482670959666497,0.24810311215576097,0.11829210769256933,0.43873297592848237,0.2589747558147471,0.161795494227007
0.4689934762409011,0.21861107164291835,0.13139278763856382,0.4937775706395313,0.22613201690009715,0.1496408377618751
0.48456431070903555,0.18371815008488837,0.14356876360836485,0.6047350899709493,0.1808372102332091,0.15362371594411323
0.494808432490476,0.14428639219531186,0.15473434464742564,0.5473411522908567,0.19956268884321104,0.21408585992544465
0.4996132301273596,0.1012899766018521,0.16481095066494447,0.5315497412288188,0.04413973096532792,0.24648252727999928
0.49892588549840966,0.05579114834198047,0.17372766545754068,0.44160861584747524,0.07092292160393213,0.13601387295657277
0.4927539544373402,0.00891397564006104,0.18142173579673426,0.4895470371076906,0.02535209615523508,0.19748959656924792
0.48116528367317646,-0.03818342068415868,0.18783901306779816,0.5022613213849407,0.04250214276877368,0.21051572814349714
0.4642872650055563,-0.0843374790911164,0.19293433435185728,0.45207943324102384,-0.036133120676698514,0.2524078587980893
0.4423054349136965,-0.12840794361237245,0.19667184026929094,0.38092504415684686,-0.09853794011987956,0.23173047738483585
0.4154614349932312,-0.16930603436730302,0.19902522734754927,0.4005832598252316,-0.10052069370172202,0.1915224479959229
0.3840503556414055,-0.20602134634081912,0.1999779331372932,0.39032917831498265,-0.2146749375550126,0.20075688551636658
0.3484174921909304,-0.2376468118761161,0.19952325277406438,0.2936037378461703,-0.3096493560058308,0.27924850593531303
0.3089545491516307,-0.263401110173334,0.19766438616515858,0.2666064817357143,-0.31297072764614936,0.08999488048497284
0.26609533428585297,-0.2826479701577245,0.19441441546961483,0.23414724690137784,-0.34880245982809943,0.2765151734764333
0.220310989851746,-0.294911889831665,0.18979621302980923,0.2708018443188777,-0.3293194070905512,0.3024180032970247
0.17210481343636333,-0.2998898837570921,0.1838422804026066,0.22119308778594304,-0.3161314529325232,0.05887199465892798
0.12200672531202472,-0.2974589684417581,0.1765945196229151,0.2365538539415618,-0.3669375917799379,0.09432458227507051
0.07056744313517614,-0.28767920069957675,0.16810393830943238,0.12169596473565816,-0.1656915803826131,0.23731757923495828
0.018352428024002124,-0.2707921939210681,0.15843029068795625,0.04654788402662011,-0.24105447683780382,0.20110106862697164
-0.034064331435706446,-0.2472151489100843,0.147641657058636,0.0038820980536318148,-0.23315557771161552,0.1528517122562298
-0.08610662892532725,-0.21753054675755987,0.13581396466674908,-0.08923628532030337,-0.2552287762008937,0.12178021082341038
-0.137202374507248,-0.1824717583943232,0.12303045334897554,-0.22185021521701728,-0.1873887397340607,0.07360089799142966
-0.18678988348820466,-0.1429049263451561,0.10938108971579463,-0.24196934934899322,-0.1339102187874822,0.1789812040330246
-0.23432405089997554,-0.09980756630323069,0.09496193399281654,-0.18840822059985987,-0.17833259648438957,0.04548052716429966
-0.27928234372267474,-0.05424441718227034,0.07987446397703471,-0.23224378432326395,-0.10336878685918582,0.06864280647718347
-0.32117054497940534,-0.007341136281314483,0.06422486086579669,-0.29366794002817775,-0.05575835902449625,0.06949363617309469
-0.3595281865586579,0.03974351056553551,0.04812326198462005,-0.4262294613045682,0.009675128367974819,0.0641123586917469
-0.3939336110425929,0.08584627680007866,0.031682985672936446,-0.47358329771917634,0.10787001369809861,0.030701095726602384
-0.42400860689758796,0.12982817364916138,0.015019733782790826,-0.39638410917673056,0.14102388035239447,0.08322675528148304
-0.4494225660734186,0.1706026093347989,-0.0017492225969232681,-0.4431613409410232,0.14913233227853626,0.0043656525546909245
-0.4698961183074194,0.20716223379385199,-0.01850586846005808,-0.44273121685559996,0.2096052373101372,-0.016476283899863962
-0.4852042021825271,0.23860382569687952,-0.03513227543827783,-0.5203037865728648,0.20545877981933208,-0.10526253902826252
-0.4951785391797,0.2641506069216021,-0.05151143174639333,-0.40769970202035305,0.20195744515203784,-0.08615669163618869
-0.4997094835279848,0.2831714331922763,-0.06752806567705281,-0.5356298468064447,0.32791765203949835,-0.0822755495916542
-0.4987472275172193,0.2951963867719007,-0.08306945684927419,-0.43636012388353257,0.26152185555970725,-0.06911974873808409
-0.4923023490236257,0.29992838598309757,-0.0980262295014893,-0.5340697016866136,0.40718584237176697,-0.15740615045296494
-0.48044569522946096,0.2972505247393931,-0.11229312224613577,-0.46495465971810956,0.32893936878599805,-0.09160316737356086
-0.4633076038149697,0.28722896076063237,-0.125769728868489,-0.47257198675885514,0.28073792577396106,-0.12357915526953352
-0.4410764701839127,0.27011128111790406,-0.13836120495620907,-0.44842657026533717,0.31830523695764956,-0.027835054876641507
-0.4139966764728477,0.2463203854879077,-0.14997893538655052,-0.4418712657232394,0.1778302365089538,-0.15439303780411326
-0.3823659051101447,0.21644403823358047,-0.16054115797365637,-0.25338043822742873,0.17626030983509391,-0.078585317701453
-0.3465318664561956,0.18122034743139773,-0.16997353888688413,-0.2626468257523736,0.153540935345998,-0.14152438492762037
-0.3068884764971638,0.14151952959219272,-0.17820969579055107,-0.22546864534073685,0.12256314254281836,-0.18838871379566915
-0.2638715266101099,0.09832241058601336,-0.1851916650233768,-0.29295557230754204,0.04758457405137002,-0.21765554227667716
-0.21795389300081752,0.05269619391491948,-0.19087030952976416,-0.27915090633893036,0.05440036732788078,-0.22936897108269624
-0.16964033847596494,0.005768094989057059,-0.1952056646720126,-0.15795104288642756,-0.07202668732112431,-0.17866165306128975
-0.11946196369265631,-0.04130250721744495,-0.19816721948973917,-0.07778551561221007,-0.14098928934601773,-0.17946439099736056
-0.06797036888155007,-0.08735271312529164,-0.19973413142708607,-0.00658691925788546,-0.1478347640598519,-0.1161055120852009
-0.01573159022252313,-0.13124483248693602,-0.19989537301652743,0.0052193602457791324,-0.16649542527485647,-0.20268382689941272
0.036680122470992595,-0.17189449151602915,-0.19864980948695785,0.06459646809707872,-0.16809422194540857,-0.1717120098646394
0.08868861835840505,-0.20829742281068314,-0.1960062067498789,0.042654938704436735,-0.19982938160887925,-0.26669193159512794
0.1397221790759454,-0.239554276213831,-0.19198316970748033,0.13416087600851037,-0.2847496582870705,-0.22875966683696866
0.18921980351537368,-0.26489283764771254,-0.18660901131678473,0.25102446227589553,-0.2103273316179991,-0.15615210527142587
0.2366373747901678,-0.28368710699653693,-0.17992155333134396,0.18202173655653886,-0.299507529481277,-0.11926666833238479
0.2814536415970474,-0.2954727637100197,-0.17196786012280965,0.2885394872790426,-0.17950628671093496,-0.15230196815309105
0.3231759482209763,-0.2999586380433209,-0.16280390745566284,0.33277840404547787,-0.31541446125344597,-0.15612686221654876
0.3613456501949586,-0.29703390453149303,-0.15249418854616942,0.35372215837593146,-0.2616284706970635,-0.1046590727064402
0.3955431560813695,-0.28677081998050447,-0.14111126017800363,0.356243683055972,-0.3533324676583934,-0.23292152883316847
0.4253925399516322,-0.26942293833160647,-0.12873523206884435,0.45079210629725935,-0.32459126864030013,-0.23637976171646852
0.45056567386021334,-0.24541884650159268,-0.11545320308163301,0.4699946040867615,-0.12076887062995315,-0.11575674865862767
0.4707858348855291,-0.21535157595770377,-0.10135864824827301,0.5127103736081112,-0.21126010803032552,-0.10630313090783014
0.48583074708632634,-0.17996395161882728,-0.08655076091971857,0.5317845712357148,-0.19447767882825984,-0.07318114521612343
0.4955350249339578,-0.14013024004470237,-0.071133754672208,0.5116199152437585,-0.1735347627268548,-0.021531637195381863
0.4997919913604187,-0.09683455030255306,-0.055216129882621125,0.49104400352564825,-0.1346218082771953,-0.028390637704100948
0.4985548504367281,-0.05114652112710202,-0.03890991013458855,0.4536314513471762,-0.04973746325864561,-0.03936585996679873
0.49183720179065016,-0.004194895033129066,-0.02232985382930323,0.5461319800822291,0.019540016610868575,-0.023581201766560426
0.4797128911088709,0.042860367756372246,-0.005592646549486682,0.5206012060688853,0.11237074520723792,0.02229786876810643
0.4623151983670276,0.08885674662904033,0.011183920139585777,0.4628328293591966,0.02326493501153236,-0.04207176301418286
0.43983537271120704,0.1326578811574971,0.027881777672634084,0.42457413749347367,0.10218227104953295,0.018533212523361785
0.412520530096648,0.17318164537504052,0.04438341141638166,0.4153530263415034,0.19966628309287707,0.0408584725134271
0.3806709367944615,0.20942688216553484,0.06057268770313809,0.4049960189857716,0.21265060290604085,-0.038200640614555484
0.3446367086282015,0.24049813728282024,0.07633567114555749,0.2976699389372638,0.23329375949673947,0.015850934003502112
0.30481396222488,0.26562778193503345,0.09156142648054175,0.3348103987246902,0.3421653235522183,0.1524995190654076
0.26164046058890644,0.2841949773858094,0.10614279929914767,0.250968317042396,0.358731284228307,0.11357617215925327
0.21559080086623414,0.29574101304368744,0.11997717016794934,0.19873650231033216,0.26507087986664046,0.10485368584354293
0.16717119719860163,0.29998063910561495,0.13296717683457024,0.1477623562715402,0.30850145022438935,0.14099587588706347
0.11691391601884561,0.2968091137766568,0.14502139943471432,0.11706621702651633,0.3186560222639743,0.20455371317403137
0.06537142495890383,0.28630479096132716,0.15605500387840898,0.11284913173097003,0.21205989253883198,0.028358947133311246
0.013110319690321002,0.2687271844965049,0.1659903388874966,0.05982631525228469,0.20038324957573384,0.1547520687928624
-0.03929490454178776,0.24451055674988298,0.17475748248259887,-0.09780055584475573,0.154411534870882,0.20183061889283826
-0.0912681682231104,0.21425318998041656,0.18229473407353924,-0.053310410207978054,0.18542766994408058,0.052742619466293744
-0.1422381402900499,0.17870260551643408,0.18854904869003447,-0.16955036270267404,0.1982928057865614,0.11460347025132804
-0.19164451865090773,0.1387370959180304,0.1934764102966676,-0.18247652266194994,0.13797160345938062,0.22244098527672201
-0.23894418946795276,0.09534402637960156,0.19704214156486,-0.2329651710472451,0.04669057933552378,0.2568707166480846
-0.28361719749262587,0.049595441445841104,0.19922114792175888,-0.29154367614397436,0.048230214470344514,0.15255774996809907
-0.3251724618233031,0.0026215796877202555,0.1999980941584948,-0.3473365743828786,-0.0416185560136248,0.19135079116232365
-0.3631531742534839,-0.04441704933007073,0.19936751235489253,-0.2775677502463667,-0.11301210647663854,0.11868944246105546
-0.39714182086751176,-0.09035833593969224,0.19733384036109283,-0.32358330449283135,-0.10082451979728554,0.163880203428097
-0.42676477168249016,-0.13406728079194102,0.19391139056526205,-0.37476953731268636,-0.16434805777878422,0.28521187624260885
-0.4516963878834338,-0.17446403550593348,0.18912424916719392,-0.41780009431647036,-0.1988596059132186,0.2969896598304691
-0.47166260150169054,-0.2105505807902297,0.18300610666668649,-0.5019483476518575,-0.17344581218976435,0.19797073568701107
-0.48644392818598814,-0.24143538294094607,0.17560002075966663,-0.42135686371604825,-0.16335982310460345,0.17720022821295497
-0.4958778799473533,-0.2663554195673689,0.16695811331073096,-0.5335487734646625,-0.2433568124204131,0.13307234482312566
-0.4998607513551086,-0.2846950303900397,0.15714120353472022,-0.39919138897877743,-0.2778682638359028,0.13887512596911478
-0.4983487595486754,-0.29600112739413925,0.1462183799688885,-0.48911474425543,-0.3633574418706241,0.09763767804335594
-0.49135852553327336,-0.29999438856479405,0.13426651424800626,-0.4313378301360521,-0.33283910251336385,0.08192096511390928
-0.4789668914687352,-0.29657615865822945,0.12136972010429237,-0.45213425384237094,-0.2372909509250796,0.15731738563754571
-0.4613100759599432,-0.2858308865222161,0.1076187613995932,-0.4115076916696524,-0.32367064095068915,0.036528228062501014
-0.4385821766345985,-0.2680240387507792,0.09311041335589189,-0.36351549403682415,-0.284158030692886,0.08056876253313952
-0.41103303646917,-0.2435955412172079,0.0779467814796268,-0.3446233293767171,-0.2157840407471749,0.10074117008370718
-0.3789654973180486,-0.21314891051514953,0.06223458297302179,-0.27071538007299445,-0.24532482203415668,0.10862658937708365
-0.3427320708372773,-0.1774363438202187,0.04608439568966444,-0.33988141459242305,-0.16400672987705583,0.12250781701029102
-0.30273106339868733,-0.13734013553356172,0.029609879919937424,-0.2773392755842061,-0.11042533158108007,0.08323524678542754
-0.25940219759243804,-0.09385087981718168,0.012926978483168362,-0.2776498340695823,-0.135811363184132,-0.03931348121788332
-0.21322177844985224,-0.048042997536878414,-0.0038468992439921906,-0.3115396079186523,0.0547673589601377,-0.05900731753007635
-0.16469745752323617,-0.001048192230211467,-0.020593703620393793,-0.17576013870252477,-0.014888857224657503,-0.005223368729938758
-0.11436265238004302,0.04597250911871099,-0.03719557553920334,-0.07357579175307818,0.08899618353669825,-0.06634944746765027
-0.06277068285669694,0.09185743975284753,-0.05353567588579753,-0.07112676854601752,0.10598643727726252,-0.06597023219497489
-0.010488688530992461,0.13547299262175208,-0.06949900781725007,0.06987859027000717,0.16002174020366466,-0.0327551185147592
0.04190860572297409,0.1757416266338571,-0.08497322607644325,0.07505266915634473,0.23441531950812333,-0.0759221481412579
0.09384520756345838,0.2116684877750621,-0.09984942764510714,0.02900361016566605,0.23165288536269418,-0.13241727233469858
0.1447501889427104,0.2423659874072781,-0.1140229181713831,0.11831935485522257,0.2716841883450328,-0.05210876459970132
0.1940639621978694,0.2670757305295001,-0.12739394877801266,0.19512754103467247,0.2825173811594483,-0.04228320154625076
0.2412444314794985,0.2851872522542131,-0.13986841806575323,0.2532820904539269,0.4152714079632328,-0.11159293578417602
0.2857729518962209,0.2962530996063772,-0.15135853437146152,0.19773481393842998,0.33392018066160384,-0.13230061512732263
0.3271600308680515,0.2999998860426501,-0.1617834336201357,0.3916476685721888,0.333658953606148,-0.1687062328193244
0.3649507090144595,0.2963350455841355,-0.1710697484225896,0.30373579719999116,0.2858838827198342,-0.21359577113305458
0.39872956142635746,0.28534911969891835,-0.17915212441366732,0.3697033889361213,0.31477803991994885,-0.095656899196097
0.4281252643440224,0.26731352043594486,-0.18597368019713642,0.44785884083517147,0.20751936733418563,-0.16374354678612937
0.45281467704039485,0.2426738250730135,-0.19148640766029712,0.5126462513726774,0.21218467985704437,-0.198187265993943
0.47252639403858115,0.21203876793745227,-0.19565150984102941,0.473260803775041,0.17279385228334027,-0.16323748814883646
0.4870437286146671,0.17616520136139574,-0.19843967396945458,0.48099632118427804,0.19714182355674714,-0.24281428285955958
0.49620709478893327,0.13593939731765173,-0.19983127776262863,0.47433417977276277,0.1720584652090403,-0.21847293536721699
0.49991576162066503,0.09235515168744948,-0.19981652752042575,0.5862639541823353,0.07237334240671936,-0.18858229123283146
0.4981289605220275,0.04648923210346478,-0.19839552705073263,0.544758502115682,-0.024429054543186814,-0.2864359676497714
0.49086633341849994,-0.0005252240600499171,-0.19557827693887908,0.4145835176899952,0.06260398111130919,-0.2231711842335014
0.4782077168293549,-0.04752670433607565,-0.1913846041664459,0.6061176811127675,-0.07573908426894507,-0.18215703900659405
0.46029226424173814,-0.09335401683248343,-0.18584402257477262,0.5373977618701319,0.006950627575472726,-0.08276884374295272
0.43731691642589887,-0.1368749779798402,-0.17899552515518188,0.497735227955556,-0.08567185168926707,-0.14936917769512273
0.40953423650707377,-0.17701438361595687,-0.17088730962772028,0.4484522903154057,-0.20457366943238353,-0.21179725379883563
0.3772496335926327,-0.21278057236962863,-0.1615764392397176,0.3770809107220851,-0.22128980349587507,-0.18423784170608135
0.3408180054745186,-0.24328992508357375,-0.15112844117134813,0.3756373778473544,-0.1955246646550482,-0.14670809685675576
0.30063983731313154,-0.26778869500775165,-0.13961684537453073,0.3745163413658946,-0.3248731507144269,-0.14929981833851663
0.2571567991888681,-0.2856716294387228,-0.12712266709063783,0.22131568315872782,-0.3789984602923758,-0.1312567013827728
0.21084689091665315,-0.2964969227493731,-0.1137338366889582,0.20475951549748897,-0.22082443558726655,-0.08219325246121932
0.16221918749531666,-0.2999971313879633,-0.09954458083848132,0.1110098462788564,-0.20729250307125388,-0.03849289606221367
0.11180824295416085,-0.29608578118670176,-0.08465475936820237,0.14091312812759163,-0.30740998612919335,-0.13262672120437635
0.0601682141138482,-0.28485950374344865,-0.06916916248285916,0.041557875310295554,-0.23042207275823937,0.025060152813871278
0.007866768858068236,-0.2665956490963175,-0.05319677328016697,0.08502894527167769,-0.2910381201856312,-0.10917764494461754
-0.04452115411915528,-0.24174543367105034,-0.03685000075965898,-0.03747684177359509,-0.3301674019491929,-0.020691615050419908
-0.09641966549252139,-0.21092279278415169,-0.020243888721075187,-0.10379979480745483,-0.2342246178775638,-0.09997904208441497
-0.14725825593470926,-0.17488921310542505,-0.003495306119755025,-0.12157825060622343,-0.20152425508852062,-0.061991147905269425
-0.19647806760435366,-0.13453491980057314,0.013277875422837744,-0.34009117826843616,-0.13591066505310495,0.10189045525632495
-0.24353803755177758,-0.09085688313357244,0.02995761116509728,-0.16047507682438408,-0.11371169596288604,-0.0001529918529917483
-0.28792084550925134,-0.044934187885214937,0.046426514009604285,-0.26448213270550014,-0.0948534598446295,0.061516109000577586
-0.32913860068292333,0.0020986259029106193,0.06256868063915574,-0.2908345867636888,0.063445287097126,0.05756097681515811
-0.36673820503287813,0.04907959223073202,0.07827050721038253,-0.3769218925417264,0.00518046289290397,0.03692648950838953
-0.4003063340837381,0.09484802601208024,0.09342148886434329,-0.41163027867881447,0.11321630135288915,0.13910072017600578
-0.4294739805129918,0.13827319830163498,0.10791499742737301,-0.46963292804700907,0.21290762674961106,0.09435881737524457
-0.4539205105701836,0.17828227144235168,0.12164903182895562,-0.45498887528760545,0.1409216874849605,0.0004370188153085264
-0.4733771887357547,0.21388680398368307,0.13452693595539897,-0.4291749189177022,0.25072899883830474,0.1204605580994883
-0.48763013187358145,0.2442071705549644,0.14645807888726842,-0.48428059601233786,0.2700041314401694,0.06833078604294128
-0.4965226604029451,0.26849429339052283,0.15735849273326707,-0.5229752942702599,0.30820752737161417,0.0946440215748046
-0.49995702064391423,0.28614814861974686,0.16715146357167443,-0.48527912403558277,0.2183190583885766,0.19047296269335073
-0.4978954594028228,0.29673259011625347,0.1757680713404705,-0.499677533517697,0.215975999320978,0.2340050390633291
-0.49036063898511634,0.2999861246765063,0.18314767487655778,-0.5270902178250187,0.2594735028257873,0.1931761347381049
-0.477435388073436,0.2958283723224723,0.1892383386905124,-0.42000352060200025,0.24503728137355243,0.19232233118291098
-0.459261791209479,0.2843620521237326,0.19399719847336142,-0.43782096619295036,0.3190173324868898,0.20281927623722268
-0.4360396268887713,0.26587044447846175,0.19739076276303416,-0.4543910188429374,0.22449093344602578,0.2016979569153529
-0.40802417143803216,0.24081039254869366,0.19939514864747454,-0.4616311220373125,0.09474286837396328,0.22122313885535794
-0.3755233928166811,0.20980101575250298,0.19999624984558015,-0.33032665076237133,0.09165439397541106,0.14950971461008328
-0.3388945651903542,0.17360841415107078,0.19918983598308201,-0.3079368521400943,0.2764831876366557,0.2002295213668524
-0.29854034149181724,0.13312674161546373,0.19698158236467947,-0.33494048855327396,0.12398191956022173,0.2657254033220887
-0.2549043271426435,0.08935611536860591,0.193387030032906,-0.28720253609887025,0.04939651503609323,0.16924985392380437
-0.20846620359295068,0.04337790765691935,0.18843147639482422,-0.2561326340058863,0.049511423456659126,0.26966539931830225
-0.15973645528491817,-0.003671970018619031,0.18214979718627555,-0.1435824916291167,-0.016289645124933413,0.16755923374049836
-0.10925075800564296,-0.05063113008719971,0.17458620102666753,-0.18741029844047583,-0.006475641229841754,0.17069434117602741
-0.057564090316781856,-0.09633942619574574,0.165793918291643,-0.06658808599631313,0.06331595219649731,0.18073156370992732
-0.005244632792986821,-0.13966761512611994,0.15583482649328836,-0.04283418529774604,-0.1609854949363971,0.2132571119531261
0.04713247786665545,-0.17954525523710715,0.14477901480430963,0.052795998393543674,-0.2514591541529755,0.1907404615330698
0.09899147119438595,-0.21498715218798686,0.13270429079095597,0.06558426691743624,-0.12132226337710958,0.18670669407668838
0.14976227227634947,-0.24511769859067475,0.11969563282614455,0.12739617749341192,-0.18106688050391911,0.12308840835251472
0.19888676846525968,-0.26919250626883506,0.10584459203654831,0.24152545222137067,-0.24495586540411132,0.06352675928700463
0.245824944594295,-0.286616796689618,0.09124864799256643,0.2136474529784219,-0.2351187558105599,0.0745098813872394
0.2900608192493376,-0.29696009522448924,0.07601052267564351,0.26987839608723774,-0.3447162241919569,0.09719047595531656
0.33110811684316344,-0.29996686621104207,0.06023745755103452,0.4342343628053207,-0.35334351192375574,0.061448430384672424
0.3685156131398766,-0.29556282607202394,0.04404045883376555,0.439126640910648,-0.2995448956343097,0.06665904864625226
0.40187209546718083,-0.2838567785232338,0.02753351625938783,0.34875241905983684,-0.2624414236628514,0.018176303009160392
0.43081088309010407,-0.26513792653067114,0.010832800857587664,0.4800973828740972,-0.2057686239524336,0.14031098295851835
0.4550138580545057,-0.23986872742623336,-0.005944152625513272,0.4839955167151845,-0.22357891159712504,0.00377506245335353
0.47421496219030135,-0.20867346769936343,-0.022679272902494607,0.45655664754976694,-0.19174927552627888,-0.03744934340944608
0.488203121832467,-0.17232283972942908,-0.039254783095794624,0.4966261706459477,-0.10644296294903109,-0.08958191135977668
0.49682456810908837,-0.13171490149723294,-0.05555402961689716,0.5538184961655407,-0.06585914813023967,-0.0614574559664511
0.4999845272899393,-0.08785288967434725,-0.0714623031401404,0.39389178233950956,-0.11824398902906888,-0.0066125758120849365
0.49764826261400424,-0.04182043422735493,-0.08686764589336488,0.49650485949906015,-0.09178554584210047,-0.11210639195477574
0.48984145614332075,0.005245213129011452,-0.10166163958395442,0.5318724574685484,0.03258189153908042,-0.11360824454243915
0.4766499264455194,0.0521812752271592,-0.1157401684150226,0.458308705854785,0.0325933677749681,-0.16186067763994774
0.45821868520851283,0.09782817635935774,-0.12900415182193267,0.538987469681985,0.08171215289879075,-0.06814622578065785
0.4347503431577692,0.1410581900969019,-0.1413602417722884,0.5108161457538918,0.19097373500429993,-0.16294125740819082
0.4065028827995826,0.180803300259171,-0.15272147972207756,0.42668938731641304,0.1795935199396252,-0.19790657275858398
0.37378682247410194,0.21608158671512515,-0.16300790860443248,0.3900047865601821,0.157129597157135,-0.10362393918135429
0.3369618028930821,0.24602148414469938,-0.17214713554407557,0.31373093802816243,0.2560794669383413,-0.15798274196676845
0.2964326336858256,0.2698833144368618,-0.18007484133716992,0.28348738500062176,0.2992180045106255,-0.20382002416829614
0.25264484341277776,0.28707756075717544,-0.1867352331110597,0.29620970828563997,0.21977857674483803,-0.1804162541337391
0.20607978196459414,0.29717943181606915,-0.19208143697816468,0.3030262319175084,0.24716286558579043,-0.22596868550440727
0.15724932918484752,0.29993935652131537,-0.1960758279206885,0.18294472166779327,0.3089184456182953,-0.17854432295701056
0.10669026788352504,0.2952891497397691,-0.1986902945844727,0.13114962439090821,0.3270252231678576,-0.14320530248666155
0.05495838309743737,0.2833436968405678,-0.19990643711848263,0.075449315943863,0.27128081410964067,-0.16627775205834608
0.0026223524631745565,0.2643981154024039,-0.19971569666757086,0.09761644920793532,0.2577664280832752,-0.24844216190110294
-0.049742505135481715,0.2389204642061588,-0.19811941560719457,0.005611528328866924,0.2329014060084789,-0.30675289290789637
-0.10156055392607287,0.20754017964033136,-0.1951288280961701,-0.05918947006855178,0.18077377034263523,-0.19965549221137815
-0.15226216908935572,0.1710325252029345,-0.19076498101395223,-0.13566315256090497,0.18055750919188782,-0.15529239015700025
-0.20128999852417293,0.1302994382815425,-0.1850585858388556,-0.2230643170526651,0.15595472819034664,-0.19803591971805146
-0.24810508970082676,0.08634724740020851,-0.17804980250966543,-0.2111645656564516,0.11711562160086118,-0.2248217376118952
-0.29219281425197324,0.04026181043813272,-0.16978795679173736,-0.23789370844322164,0.013463638182430317,-0.1293850668776801
-0.3330685251730566,-0.006818311958694022,-0.16033119313670932,-0.3147041595029895,0.0850908718810621,-0.17150449225530193
-0.3702828844440788,-0.05372998501057537,-0.1497460654788609,-0.3877487242499887,-0.054700965304962,-0.16490505462057467
-0.4034268025071009,-0.09931423555168437,-0.1381070688480192,-0.36342970740999836,-0.18012976597351377,-0.19079118980533694
-0.43213593530102107,-0.1424448849632773,-0.12549611509533184,-0.4855260813799807,-0.09492950536459852,-0.03996544646623558
-0.45609468941852477,-0.18205637190335602,-0.11200195642165045,-0.46131715034539833,-0.19049745806285656,-0.10849934826599138
-0.47503969135748714,-0.21717007746036313,-0.09771956076551662,-0.4169457762270776,-0.26353773416989185,-0.08580111162877736
-0.4887626827300223,-0.24691850235650153,-0.0827494434466029,-0.44000280124090085,-0.22186379385950927,-0.07327036261666572
-0.4971128096027519,-0.2705666988924644,-0.06719695976833452,-0.4470605049743948,-0.4057283135424262,-0.033303193791789136
-0.49999828080211156,-0.28753042814812974,-0.051171563558084804,-0.5327020649584827,-0.37906207299095257,-0.025611433581835766
-0.4973873769552432,-0.29739059385767663,-0.03478603686319995,-0.4287044496970953,-0.3042630195890612,0.012857690496946975
-0.48930879917433673,-0.2999035963640386,-0.018155696223943474,-0.40869488627490447,-0.23415787368483626,0.06384253024462617
-0.4758513535513905,-0.2950073508537566,-0.001397581109465023,-0.4387449789977959,-0.29123566890867697,-0.08149587170432346
-0.45716297493167907,-0.2828228211891362,0.01537036977174442,-0.4694660993381765,-0.3249851509549458,0.12391750564663512
-0.433449100697377,-0.2636510314437348,0.032030148489935566,-0.4422433913189939,-0.2574907911045105,0.05960441729195895
-0.40497041243799253,-0.23796562897246173,0.04846450839938663,-0.40279029011936984,-0.15321307695092407,0.017332040312664033
-0.3720399703329468,-0.20640118274890246,0.0645577892859582,-0.36230959757108466,-0.24352471203380488,-0.0014433362750770895
-0.3350197717474247,-0.16973750606442914,0.08019673134982971,-0.36560822629268896,-0.17158934591684974,0.05873162012396671
-0.2943167718721203,-0.1288803909037074,0.09527127229481534,-0.3289378208658131,-0.1991962640872991,0.0911159936633806
-0.2503784101511585,-0.08483922996206261,0.10967532191457928,-0.32561442885270864,-0.04683643177758248,0.11379730956130445
-0.20368769167516065,-0.03870207916250266,0.12330750872446528,-0.2765652666484072,-0.05416253301499583,0.08569968844493611
-0.15475787760877813,0.008391223236267203,0.13607189338431266,-0.1387991520878191,0.07541374553742443,0.04231326990202543
-0.10412684301952725,0.055277216836904015,0.14787864389146593,-0.09837553906215639,0.047270577058571996,0.1814456477139892
-0.052351164131313105,0.10079756289552677,0.1586446677920954,-0.041691332719428646,0.0631990963085858,0.1426919710087645
-1.2246467991473533e-15,0.14382766158125806,0.1682941969615791,-0.039801292840175674,0.197628018511188,0.1693597793951762
